jb_id,id,inmobiliaria,nombre,M,M_planta_ok,M_planta_falta,U,U_precio_ok,U_precio_falta,U_sup_ok,U_sup_falta,U_huerfanas,U_dups
IDLyBU4W,jb-idlybu4w,AJ URBANA,Edificio DownTown San Martín,21,19,2,141,141,0,141,0,0,0
atUiRS6M,jb-atuirs6m,AJ URBANA,Edificio Teatinos 750,16,12,4,42,42,0,42,0,0,0
NgBHe0jo,jb-ngbhe0jo,AJ URBANA,Edificio Vista Amunategui,18,15,3,84,84,0,84,0,0,0
GMrPAyQt,jb-gmrpayqt,AJ URBANA,Edificio Vista Morandé,19,16,3,94,94,0,94,0,0,0
hSeBHnw1,jb-hsebhnw1,CISS,Fuentes de Lomas III,1,1,0,14,14,0,14,0,0,0
1gaVJbKl,jb-1gavjbkl,CISS,Fuentes de Lomas IV,3,1,2,15,15,0,15,0,0,0
75PDpryA,jb-75pdprya,CISS,Fuentes de Miguel Collao,1,1,0,39,39,0,39,0,0,0
9YO68rOa,jb-9yo68roa,Ecasa,Aires La Florida 2,9,7,2,128,128,0,128,0,0,0
vWeKp0EM,jb-vwekp0em,Ecasa,Bezanilla,7,2,5,15,15,0,15,0,0,0
thmz67c6,jb-thmz67c6,Ecasa,Bosquemar,5,4,1,25,25,0,25,0,0,0
WGfF1Hcm,jb-wgff1hcm,Ecasa,Cumbres de Peñuelas,4,3,1,16,16,0,16,0,0,0
LXXJ9agb,jb-lxxj9agb,Ecasa,Edificio HA,3,2,1,4,4,0,4,0,0,0
kUYM4Rl8,jb-kuym4rl8,Ecasa,Terratoltén,4,0,4,16,16,0,16,0,0,0
wHL2AUKl,jb-whl2aukl,Ecasa,Terratoltén 2,5,0,5,70,70,0,70,0,0,0
mshykABZ,jb-mshykabz,Ecasa,Urban La Florida,4,3,1,75,75,0,75,0,0,0
Xm0ZQPxk,jb-xm0zqpxk,EuroInmobiliaria,Edificio Vitro,5,4,1,406,406,0,406,0,0,0
Dw5PBsEd,jb-dw5pbsed,EuroInmobiliaria,Guillermo Mann 1401,3,3,0,27,27,0,27,0,0,0
qlkZufJk,jb-qlkzufjk,EuroInmobiliaria,Independencia 4745,8,4,4,128,128,0,128,0,0,0
R5cTUSc8,jb-r5ctusc8,EuroInmobiliaria,Jose Pedro Alessandri 1498,5,5,0,139,139,0,139,0,0,0
b7Aniv5k,jb-b7aniv5k,EuroInmobiliaria,Rosas 1444,5,0,5,120,120,0,120,0,0,0
PsqVqc03,jb-psqvqc03,EuroInmobiliaria,Vicuña Mackenna 1432,5,5,0,70,70,0,70,0,0,0
48t1IInf,jb-48t1iinf,INMOBILIARIA LARRAIN PRIETO,EDIFICIO CONEXIÓN INDEPENDENCIA,17,16,1,0,0,0,0,0,0,0
SUWJ0Rye,jb-suwj0rye,INMOBILIARIA LARRAIN PRIETO,EDIFICIO MISSOURI 3885,24,8,16,1,1,0,1,0,0,0
Sfp8j2Sq,edificio-u-oa-za-artu-Sfp8j2Sq,INMOBILIARIA LARRAIN PRIETO,EDIFICIO ÑUÑOA ZAÑARTU,22,12,10,8,8,0,8,0,0,0
iB3uhp34,jb-ib3uhp34,INMOBILIARIA LARRAIN PRIETO,ZAPADORES 1821,14,11,3,106,106,0,106,0,0,0
pkR9sdRb,jb-pkr9sdrb,Ileon,Edificio B.Come,28,24,4,77,77,0,77,0,0,0
G3jWrRoE,jb-g3jwrroe,Ingevec,Abdón Cifuentes,30,25,5,51,51,0,51,0,50,0
hvEkYVJq,jb-hvekyvjq,Ingevec,Brasil,4,4,0,142,142,0,142,0,0,0
86YW1rPt,jb-86yw1rpt,Ingevec,Centenario I,30,28,2,28,28,0,28,0,1,0
NeOU0rvU,jb-neou0rvu,Ingevec,Diagonal Paraguay 240,15,11,4,4,4,0,4,0,0,0
is9kmud9,jb-is9kmud9,Ingevec,Don Ignacio,30,23,7,96,96,0,96,0,0,0
AJBqsIIi,jb-ajbqsiii,Ingevec,Edificio Serrano Capital,3,3,0,183,183,0,183,0,0,0
jfkJBrPQ,jb-jfkjbrpq,Ingevec,Froilan Roa,30,17,13,0,0,0,0,0,0,0
WWMCny3E,jb-wwmcny3e,Ingevec,Los Alerces,25,23,2,0,0,0,0,0,0,0
CGFo7vDQ,jb-cgfo7vdq,Ingevec,Matta,2,1,1,31,31,0,31,0,0,0
T8UuEf2r,jb-t8uuef2r,Ingevec,Santa Rosa 250,10,9,1,0,0,0,0,0,0,0
72GkWnlW,jb-72gkwnlw,Ingevec,Terrazzo,6,0,6,211,211,0,211,0,0,0
9MubHeQ8,jb-9mubheq8,Ingevec,Tocornal,30,24,6,9,9,0,9,0,3,0
1kvflc3m,jb-1kvflc3m,Ingevec,Vicuña Mackenna 1796,18,12,6,0,0,0,0,0,0,0
OwPhi37z,jb-owphi37z,Ingevec,Vicuña Mackenna 7589 Etapa I,16,12,4,40,40,0,40,0,0,0
v8tAVcOG,jb-v8tavcog,Ingevec,Vicuña Mackenna 7589 Etapa II,16,11,5,46,46,0,46,0,0,0
IaIQ9iTH,jb-iaiq9ith,Ingevec,Vivaceta 864,25,13,12,62,62,0,62,0,0,0
dr6uuHkX,jb-dr6uuhkx,Inmobiliaria Las Palmas,Altos de Collao,24,17,7,15,15,0,15,0,0,0
hw9SoClo,jb-hw9soclo,Inmobiliaria Origen,Plaza Victoria,18,16,2,6,6,0,6,0,0,0
f8VQHYVK,jb-f8vqhyvk,Iroyal,Condominio Mallorca,13,7,6,46,46,0,46,0,0,0
3JcwgGZi,jb-3jcwggzi,Iroyal,Edificio Peumayen,6,5,1,83,83,0,83,0,0,0
W8P6QggB,jb-w8p6qggb,Iroyal,Mirador Chacabuco,17,17,0,148,148,0,148,0,0,0
Vw1zOkV6,jb-vw1zokv6,Iroyal,Mirador oceánico,10,7,3,57,57,0,57,0,0,0
ImxDl3nl,jb-imxdl3nl,Iroyal,Parque Huertos,13,13,0,206,206,0,206,0,0,0
ksHJwBab,jb-kshjwbab,Itrio,Bulnes 138,29,27,2,4,4,0,4,0,0,0
HvNRYfwm,jb-hvnryfwm,Itrio,EDIFICIO SANTA ELENA 236,6,6,0,11,11,0,11,0,0,0
IgfWZVh2,jb-igfwzvh2,MNK,Condominio La Rioja,12,8,4,36,36,0,36,0,0,0
Xm0GuxtO,jb-xm0guxto,MNK,Cordillera Oriente Etapa 1,14,11,3,86,86,0,86,0,0,0
exrBr6Tp,jb-exrbr6tp,MNK,ETAPA 2 PORTAL DEL PINAR,7,7,0,27,27,0,27,0,0,0
tvFyLEMz,jb-tvfylemz,MNK,PORTAL DEL PINAR,7,7,0,4,4,0,4,0,0,0
zkp4Z7HH,jb-zkp4z7hh,Maestra,Alto Buzeta,6,5,1,114,114,0,114,0,0,0
teQxJTnq,jb-teqxjtnq,Maestra,Apóstol Santiago,4,3,1,12,12,0,12,0,0,0
UAq8pgxr,jb-uaq8pgxr,Maestra,Cáceres,3,0,3,70,70,0,70,0,0,0
4nyJKnq9,jb-4nyjknq9,Maestra,General Mackenna,5,5,0,177,177,0,177,0,0,0
FrOy8Hxr,jb-froy8hxr,Maestra,Jardines de Alvarado,4,4,0,19,19,0,19,0,0,0
Ao8J0BvU,jb-ao8j0bvu,Maestra,Pintor Cicarelli I,4,4,0,233,233,0,233,0,0,0
RNEqQ6dw,jb-rneqq6dw,Maestra,Pintor Cicarelli II,4,4,0,48,48,0,48,0,0,0
iaEIx5Eo,jb-iaeix5eo,Maestra,Plaza Cervantes torre B,3,3,0,8,8,0,8,0,0,0
LmVJgz7F,jb-lmvjgz7f,Maestra,Serrano Torre A,10,5,5,221,221,0,221,0,0,0
5d7qpMgc,jb-5d7qpmgc,Maestra,Trinidad III,3,0,3,12,12,0,12,0,0,0
7qF2CCA7,jb-7qf2cca7,Maestra,Vista Costanera,3,3,0,24,24,0,24,0,0,0
hKtYFYuQ,jb-hktyfyuq,Maestra,Vista Reloncaví,3,3,0,110,110,0,110,0,0,0
OHpd4zbx,jb-ohpd4zbx,Prohabit,MiraOlas Peñuelas,9,9,0,24,24,0,24,0,0,0
3Av5Af58,jb-3av5af58,Prohabit,MiraOlas Peñuelas 2º etapa,6,6,0,97,97,0,97,0,0,0
nmLpNNTD,jb-nmlpnntd,Prohabit,Quinta Park,18,18,0,122,122,0,122,0,0,0
q8RwqXao,jb-q8rwqxao,Sin asignar,Almanova,0,0,0,0,0,0,0,0,0,0
zOHnfOQJ,jb-zohnfoqj,Sin asignar,Edificio Borja Plaza,0,0,0,0,0,0,0,0,0,0
C8R7VcvH,jb-c8r7vcvh,Sin asignar,Ferroparque,0,0,0,0,0,0,0,0,0,0
dX4Rddfn,jb-dx4rddfn,Sin asignar,Fuentes de Lomas II,0,0,0,0,0,0,0,0,0,0
m9zXfNHe,jb-m9zxfnhe,Sin asignar,Pionera Parque Cerrillos,0,0,0,0,0,0,0,0,0,0
osnL3M1C,jb-osnl3m1c,Sin asignar,Vista San Martin,0,0,0,0,0,0,0,0,0,0
C0xMpK4K,jb-c0xmpk4k,Stitchkin,Eleuterio Ramírez,30,29,1,19,19,0,19,0,7,0
Ml02Ecl7,jb-ml02ecl7,Stitchkin,Las Condes 7039,30,28,2,2,2,0,2,0,0,0
KvRtrtXK,jb-kvrtrtxk,Stitchkin,Novus Torre E,30,5,25,9,9,0,9,0,6,0
4Kny8VBw,jb-4kny8vbw,Stitchkin,Novus Torre G,0,0,0,0,0,0,0,0,0,0
eHxgQsNq,jb-ehxgqsnq,Stitchkin,Rodrigo Araya 1410,13,5,8,2,2,0,2,0,0,0
sFfaXZIQ,jb-sffaxziq,Stitchkin,Vicuña Mackenna 1194,13,9,4,0,0,0,0,0,0,0
vWkZk19n,jb-vwkzk19n,Vellatrix,Bandera 1060,6,6,0,32,32,0,32,0,0,0
nYjXw5kL,jb-nyjxw5kl,Vellatrix,Vivo Rengo,4,3,1,32,32,0,32,0,0,0
